BraTS21ID,MGMT_value
0,0.5427821576595306
2,0.5442622601985931
3,0.5358752310276031
